listing_id,car_title,year,price_pkr,mileage_km,fuel,transmission,engine_cc,listing_city,source_url,collected_at,parse_status,missing_fields
12073196,Hyundai Elantra Hybrid 2025,2025,9500000,11839,Hybrid,Automatic,1600.0,Peshawar,https://www.pakwheels.com/used-cars/hyundai-elantra-2025-for-sale-in-peshawar-12073196,2026-10-01T08:11:09.614635+00:00,complete,
12034256,BMW iX xDrive40 2022,2022,23000000,32000,Electric,Automatic,,Lahore,https://www.pakwheels.com/used-cars/bmw-ix-2022-for-sale-in-lahore-12034256,2026-10-01T08:11:15.389033+00:00,complete,
11998010,Toyota Corolla GLi Automatic 1.6 VVTi 2013,2013,3350000,199128,Petrol,Automatic,1600.0,Lahore,https://www.pakwheels.com/used-cars/toyota-corolla-2013-for-sale-in-lahore-11998010,2026-10-01T08:11:21.441653+00:00,complete,
10946957,Audi e-tron 50 quattro 230 kW 2022,2022,12000000,81029,Electric,Automatic,,Islamabad,https://www.pakwheels.com/used-cars/audi-e-tron-2022-for-sale-in-islamabad-10946957,2026-10-01T08:11:27.134562+00:00,complete,
11844946,Toyota Fortuner Legender 2022,2022,15700000,37640,Diesel,Automatic,2800.0,Lahore,https://www.pakwheels.com/used-cars/toyota-fortuner-2022-for-sale-in-lahore-11844946,2026-10-01T08:11:32.860390+00:00,complete,
11856948,Toyota Camry Up-Spec Automatic 2.4 2006,2006,4500000,105944,Petrol,Automatic,2400.0,Rawalpindi,https://www.pakwheels.com/used-cars/toyota-camry-2006-for-sale-in-rawalpindi-11856948,2026-10-01T08:11:38.578515+00:00,complete,
11950973,Audi e-tron 50 quattro 230 kW 2022,2022,14500000,33545,Electric,Automatic,,Karachi,https://www.pakwheels.com/used-cars/audi-e-tron-2022-for-sale-in-karachi-11950973,2026-10-01T08:11:44.338343+00:00,complete,
11966436,Changan Alsvin 1.3L MT Comfort 2022,2022,3050000,59216,Petrol,Manual,1300.0,Lahore,https://www.pakwheels.com/used-cars/changan-alsvin-2022-for-sale-in-lahore-11966436,2026-10-01T08:11:50.053702+00:00,complete,
11969611,Toyota Raize Z 2021,2021,6250000,16926,Petrol,Automatic,1000.0,Karachi,https://www.pakwheels.com/used-cars/toyota-raize-2021-for-sale-in-karachi-11969611,2026-10-01T08:11:55.878466+00:00,complete,
11982443,Toyota Corolla Altis Grande CVT-i 1.8 2017,2017,4700000,83263,Petrol,Automatic,1800.0,Karachi,https://www.pakwheels.com/used-cars/toyota-corolla-2017-for-sale-in-karachi-11982443,2026-10-01T08:12:01.640269+00:00,complete,
